[
  {
    "id": 2622109,
    "locationId": 2622109,
    "metroId": 1020,
    "stateId": 11507,
    "countryId": 96,
    "locationType": "C",
    "locationName": "Berlin",
    "longName": "Berlin (Deutschland)",
    "cityName": "Berlin",
    "stateName": "Berlin",
    "countryName": "Deutschland",
    "stateAbbreviation": "BE",
    "country2LetterIso": "DE",
    "label": "Berlin"
  },
  {
    "id": 2837035,
    "locationId": 2837035,
    "metroId": -1,
    "stateId": 11650,
    "countryId": 96,
    "locationType": "C",
    "locationName": "Berlingerode",
    "longName": "Berlingerode (Deutschland)",
    "cityName": "Berlingerode",
    "stateName": "Thüringen",
    "countryName": "Deutschland",
    "stateAbbreviation": "TH",
    "country2LetterIso": "DE",
    "label": "Berlingerode"
  },
  {
    "id": 2789518,
    "locationId": 2789518,
    "metroId": -1,
    "stateId": 11690,
    "countryId": 96,
    "locationType": "C",
    "locationName": "Berlingen",
    "longName": "Berlingen (Deutschland)",
    "cityName": "Berlingen",
    "stateName": "Rheinland-Pfalz",
    "countryName": "Deutschland",
    "stateAbbreviation": "RP",
    "country2LetterIso": "DE",
    "label": "Berlingen"
  },
  {
    "id": 61507,
    "locationId": 11507,
    "metroId": -1,
    "stateId": 11507,
    "countryId": 96,
    "locationType": "S",
    "locationName": "Berlin, Stadt",
    "longName": "Berlin, Stadt, Deutschland",
    "cityName": null,
    "stateName": "Berlin, Stadt",
    "countryName": "Deutschland",
    "stateAbbreviation": "0",
    "country2LetterIso": "DE",
    "label": "Berlin, Stadt"
  },
  {
    "id": 4348770,
    "locationId": 4348770,
    "metroId": 1020,
    "stateId": 4689,
    "countryId": 96,
    "locationType": "C",
    "locationName": "Bernau bei Berlin",
    "longName": "Bernau bei Berlin (Deutschland)",
    "cityName": "Bernau bei Berlin",
    "stateName": "Brandenburg",
    "countryName": "Deutschland",
    "stateAbbreviation": "BB",
    "country2LetterIso": "DE",
    "label": "Bernau bei Berlin"
  },
  {
    "id": 4990935,
    "locationId": 4990935,
    "metroId": -1,
    "stateId": 11728,
    "countryId": 96,
    "locationType": "C",
    "locationName": "Neuenhagen bei Berlin",
    "longName": "Neuenhagen bei Berlin (Deutschland)",
    "cityName": "Neuenhagen bei Berlin",
    "stateName": "Brandenburg",
    "countryName": "Deutschland",
    "stateAbbreviation": "BB",
    "country2LetterIso": "DE",
    "label": "Neuenhagen bei Berlin"
  },
  {
    "id": 4991065,
    "locationId": 4991065,
    "metroId": -1,
    "stateId": 11728,
    "countryId": 96,
    "locationType": "C",
    "locationName": "Rüdersdorf bei Berlin",
    "longName": "Rüdersdorf bei Berlin (Deutschland)",
    "cityName": "Rüdersdorf bei Berlin",
    "stateName": "Brandenburg",
    "countryName": "Deutschland",
    "stateAbbreviation": "BB",
    "country2LetterIso": "DE",
    "label": "Rüdersdorf bei Berlin"
  },
  {
    "id": 4991096,
    "locationId": 4991096,
    "metroId": -1,
    "stateId": 11668,
    "countryId": 96,
    "locationType": "C",
    "locationName": "Schöneiche bei Berlin",
    "longName": "Schöneiche bei Berlin (Deutschland)",
    "cityName": "Schöneiche bei Berlin",
    "stateName": "Brandenburg",
    "countryName": "Deutschland",
    "stateAbbreviation": "BB",
    "country2LetterIso": "DE",
    "label": "Schöneiche bei Berlin"
  },
  {
    "id": 1148365,
    "locationId": 1148365,
    "metroId": 372,
    "stateId": 2697,
    "countryId": 1,
    "locationType": "C",
    "locationName": "Berlin, CT",
    "longName": "Berlin, CT (Vereinigte Staaten von Amerika)",
    "cityName": "Berlin",
    "stateName": "Connecticut",
    "countryName": "Vereinigte Staaten von Amerika",
    "stateAbbreviation": "CT",
    "country2LetterIso": "US",
    "label": "Berlin, CT"
  },
  {
    "id": 1147696,
    "locationId": 1147696,
    "metroId": 88,
    "stateId": 2403,
    "countryId": 1,
    "locationType": "C",
    "locationName": "Berlin, NH",
    "longName": "Berlin, NH (Vereinigte Staaten von Amerika)",
    "cityName": "Berlin",
    "stateName": "New Hampshire",
    "countryName": "Vereinigte Staaten von Amerika",
    "stateAbbreviation": "NH",
    "country2LetterIso": "US",
    "label": "Berlin, NH"
  }
]
